observation_date,jet_fuel_usd_per_gallon,brent_usd_per_barrel,brent_usd_per_gallon,jet_crack_usd_per_gallon,jet_crack_usd_per_barrel,ulsd_proxy_usd_per_gallon,jet_minus_ulsd_usd_per_gallon,jet_series_id,brent_series_id,ulsd_series_id,source,downloaded_at_utc
2026-04-10,3.925,124.610,2.967,0.958,40.240,4.038,-0.113,WJFUELUSGULF,WCOILBRENTEU,WDFUELUSGULF,FRED/EIA,2026-04-16T13:04:34+00:00
2026-04-03,4.073,123.940,2.951,1.122,47.126,4.331,-0.258,WJFUELUSGULF,WCOILBRENTEU,WDFUELUSGULF,FRED/EIA,2026-04-16T13:04:34+00:00
2026-03-27,4.009,111.240,2.649,1.360,57.138,4.213,-0.204,WJFUELUSGULF,WCOILBRENTEU,WDFUELUSGULF,FRED/EIA,2026-04-16T13:04:34+00:00
2026-03-20,4.038,111.400,2.652,1.386,58.196,4.090,-0.052,WJFUELUSGULF,WCOILBRENTEU,WDFUELUSGULF,FRED/EIA,2026-04-16T13:04:34+00:00
2026-03-13,3.478,96.160,2.290,1.188,49.916,3.539,-0.061,WJFUELUSGULF,WCOILBRENTEU,WDFUELUSGULF,FRED/EIA,2026-04-16T13:04:34+00:00
2026-03-06,3.103,85.280,2.030,1.073,45.046,3.260,-0.157,WJFUELUSGULF,WCOILBRENTEU,WDFUELUSGULF,FRED/EIA,2026-04-16T13:04:34+00:00
2026-02-27,2.469,71.360,1.699,0.770,32.338,2.560,-0.091,WJFUELUSGULF,WCOILBRENTEU,WDFUELUSGULF,FRED/EIA,2026-04-16T13:04:34+00:00
2026-02-20,2.317,71.660,1.706,0.611,25.654,2.386,-0.069,WJFUELUSGULF,WCOILBRENTEU,WDFUELUSGULF,FRED/EIA,2026-04-16T13:04:34+00:00
2026-02-13,2.154,70.700,1.683,0.471,19.768,2.152,0.002,WJFUELUSGULF,WCOILBRENTEU,WDFUELUSGULF,FRED/EIA,2026-04-16T13:04:34+00:00
2026-02-06,2.120,69.840,1.663,0.457,19.200,2.127,-0.007,WJFUELUSGULF,WCOILBRENTEU,WDFUELUSGULF,FRED/EIA,2026-04-16T13:04:34+00:00
2026-01-30,2.184,70.430,1.677,0.507,21.298,2.234,-0.050,WJFUELUSGULF,WCOILBRENTEU,WDFUELUSGULF,FRED/EIA,2026-04-16T13:04:34+00:00
2026-01-23,2.095,66.990,1.595,0.500,21.000,2.176,-0.081,WJFUELUSGULF,WCOILBRENTEU,WDFUELUSGULF,FRED/EIA,2026-04-16T13:04:34+00:00
2026-01-16,2.015,67.000,1.595,0.420,17.630,2.085,-0.070,WJFUELUSGULF,WCOILBRENTEU,WDFUELUSGULF,FRED/EIA,2026-04-16T13:04:34+00:00
2026-01-09,1.873,62.930,1.498,0.375,15.736,1.991,-0.118,WJFUELUSGULF,WCOILBRENTEU,WDFUELUSGULF,FRED/EIA,2026-04-16T13:04:34+00:00
2026-01-02,1.908,62.180,1.480,0.428,17.956,1.999,-0.091,WJFUELUSGULF,WCOILBRENTEU,WDFUELUSGULF,FRED/EIA,2026-04-16T13:04:34+00:00
2025-12-26,1.950,63.210,1.505,0.445,18.690,2.042,-0.092,WJFUELUSGULF,WCOILBRENTEU,WDFUELUSGULF,FRED/EIA,2026-04-16T13:04:34+00:00
2025-12-19,1.882,60.830,1.448,0.434,18.214,1.994,-0.112,WJFUELUSGULF,WCOILBRENTEU,WDFUELUSGULF,FRED/EIA,2026-04-16T13:04:34+00:00
2025-12-12,1.990,62.600,1.490,0.500,20.980,2.108,-0.118,WJFUELUSGULF,WCOILBRENTEU,WDFUELUSGULF,FRED/EIA,2026-04-16T13:04:34+00:00
2025-12-05,2.064,63.980,1.523,0.541,22.708,2.176,-0.112,WJFUELUSGULF,WCOILBRENTEU,WDFUELUSGULF,FRED/EIA,2026-04-16T13:04:34+00:00
2025-11-28,2.072,64.380,1.533,0.539,22.644,2.227,-0.155,WJFUELUSGULF,WCOILBRENTEU,WDFUELUSGULF,FRED/EIA,2026-04-16T13:04:34+00:00
2025-11-21,2.342,63.640,1.515,0.827,34.724,2.465,-0.123,WJFUELUSGULF,WCOILBRENTEU,WDFUELUSGULF,FRED/EIA,2026-04-16T13:04:34+00:00
2025-11-14,2.307,62.870,1.497,0.810,34.024,2.385,-0.078,WJFUELUSGULF,WCOILBRENTEU,WDFUELUSGULF,FRED/EIA,2026-04-16T13:04:34+00:00
2025-11-07,2.284,64.300,1.531,0.753,31.628,2.363,-0.079,WJFUELUSGULF,WCOILBRENTEU,WDFUELUSGULF,FRED/EIA,2026-04-16T13:04:34+00:00
2025-10-31,2.266,65.020,1.548,0.718,30.152,2.312,-0.046,WJFUELUSGULF,WCOILBRENTEU,WDFUELUSGULF,FRED/EIA,2026-04-16T13:04:34+00:00
2025-10-24,2.179,63.220,1.505,0.674,28.298,2.194,-0.015,WJFUELUSGULF,WCOILBRENTEU,WDFUELUSGULF,FRED/EIA,2026-04-16T13:04:34+00:00
2025-10-17,2.086,62.360,1.485,0.601,25.252,2.120,-0.034,WJFUELUSGULF,WCOILBRENTEU,WDFUELUSGULF,FRED/EIA,2026-04-16T13:04:34+00:00
2025-10-10,2.148,66.650,1.587,0.561,23.566,2.198,-0.050,WJFUELUSGULF,WCOILBRENTEU,WDFUELUSGULF,FRED/EIA,2026-04-16T13:04:34+00:00
2025-10-03,2.049,67.150,1.599,0.450,18.908,2.229,-0.180,WJFUELUSGULF,WCOILBRENTEU,WDFUELUSGULF,FRED/EIA,2026-04-16T13:04:34+00:00
2025-09-26,2.120,69.220,1.648,0.472,19.820,2.310,-0.190,WJFUELUSGULF,WCOILBRENTEU,WDFUELUSGULF,FRED/EIA,2026-04-16T13:04:34+00:00
2025-09-19,2.095,68.330,1.627,0.468,19.660,2.282,-0.187,WJFUELUSGULF,WCOILBRENTEU,WDFUELUSGULF,FRED/EIA,2026-04-16T13:04:34+00:00
2025-09-12,2.059,67.230,1.601,0.458,19.248,2.243,-0.184,WJFUELUSGULF,WCOILBRENTEU,WDFUELUSGULF,FRED/EIA,2026-04-16T13:04:34+00:00
2025-09-05,2.086,66.850,1.592,0.494,20.762,2.264,-0.178,WJFUELUSGULF,WCOILBRENTEU,WDFUELUSGULF,FRED/EIA,2026-04-16T13:04:34+00:00
2025-08-29,2.045,67.770,1.614,0.431,18.120,2.220,-0.175,WJFUELUSGULF,WCOILBRENTEU,WDFUELUSGULF,FRED/EIA,2026-04-16T13:04:34+00:00
2025-08-22,2.031,67.820,1.615,0.416,17.482,2.211,-0.180,WJFUELUSGULF,WCOILBRENTEU,WDFUELUSGULF,FRED/EIA,2026-04-16T13:04:34+00:00
2025-08-15,1.999,67.170,1.599,0.400,16.788,2.174,-0.175,WJFUELUSGULF,WCOILBRENTEU,WDFUELUSGULF,FRED/EIA,2026-04-16T13:04:34+00:00
2025-08-08,2.019,68.170,1.623,0.396,16.628,2.194,-0.175,WJFUELUSGULF,WCOILBRENTEU,WDFUELUSGULF,FRED/EIA,2026-04-16T13:04:34+00:00
2025-08-01,2.186,72.410,1.724,0.462,19.402,2.324,-0.138,WJFUELUSGULF,WCOILBRENTEU,WDFUELUSGULF,FRED/EIA,2026-04-16T13:04:34+00:00
2025-07-25,2.289,70.090,1.669,0.620,26.048,2.388,-0.099,WJFUELUSGULF,WCOILBRENTEU,WDFUELUSGULF,FRED/EIA,2026-04-16T13:04:34+00:00
2025-07-18,2.243,70.660,1.682,0.561,23.546,2.351,-0.108,WJFUELUSGULF,WCOILBRENTEU,WDFUELUSGULF,FRED/EIA,2026-04-16T13:04:34+00:00
2025-07-11,2.248,71.770,1.709,0.539,22.646,2.366,-0.118,WJFUELUSGULF,WCOILBRENTEU,WDFUELUSGULF,FRED/EIA,2026-04-16T13:04:34+00:00
2025-07-04,2.190,69.610,1.657,0.533,22.370,2.316,-0.126,WJFUELUSGULF,WCOILBRENTEU,WDFUELUSGULF,FRED/EIA,2026-04-16T13:04:34+00:00
2025-06-27,2.135,69.960,1.666,0.469,19.710,2.264,-0.129,WJFUELUSGULF,WCOILBRENTEU,WDFUELUSGULF,FRED/EIA,2026-04-16T13:04:34+00:00
2025-06-20,2.300,78.250,1.863,0.437,18.350,2.424,-0.124,WJFUELUSGULF,WCOILBRENTEU,WDFUELUSGULF,FRED/EIA,2026-04-16T13:04:34+00:00
2025-06-13,2.036,71.050,1.692,0.344,14.462,2.148,-0.112,WJFUELUSGULF,WCOILBRENTEU,WDFUELUSGULF,FRED/EIA,2026-04-16T13:04:34+00:00
2025-06-06,1.929,67.180,1.600,0.329,13.838,2.025,-0.096,WJFUELUSGULF,WCOILBRENTEU,WDFUELUSGULF,FRED/EIA,2026-04-16T13:04:34+00:00
2025-05-30,1.881,64.740,1.541,0.340,14.262,1.978,-0.097,WJFUELUSGULF,WCOILBRENTEU,WDFUELUSGULF,FRED/EIA,2026-04-16T13:04:34+00:00
2025-05-23,1.962,65.860,1.568,0.394,16.544,2.052,-0.090,WJFUELUSGULF,WCOILBRENTEU,WDFUELUSGULF,FRED/EIA,2026-04-16T13:04:34+00:00
2025-05-16,2.002,65.540,1.560,0.442,18.544,2.090,-0.088,WJFUELUSGULF,WCOILBRENTEU,WDFUELUSGULF,FRED/EIA,2026-04-16T13:04:34+00:00
2025-05-09,1.875,62.290,1.483,0.392,16.460,1.960,-0.085,WJFUELUSGULF,WCOILBRENTEU,WDFUELUSGULF,FRED/EIA,2026-04-16T13:04:34+00:00
2025-05-02,1.946,63.500,1.512,0.434,18.232,2.016,-0.070,WJFUELUSGULF,WCOILBRENTEU,WDFUELUSGULF,FRED/EIA,2026-04-16T13:04:34+00:00
2025-04-25,2.016,67.920,1.617,0.399,16.752,2.087,-0.071,WJFUELUSGULF,WCOILBRENTEU,WDFUELUSGULF,FRED/EIA,2026-04-16T13:04:34+00:00
2025-04-18,1.942,67.760,1.613,0.329,13.804,2.032,-0.090,WJFUELUSGULF,WCOILBRENTEU,WDFUELUSGULF,FRED/EIA,2026-04-16T13:04:34+00:00
2025-04-11,1.898,66.100,1.574,0.324,13.616,2.008,-0.110,WJFUELUSGULF,WCOILBRENTEU,WDFUELUSGULF,FRED/EIA,2026-04-16T13:04:34+00:00
2025-04-04,2.066,74.640,1.777,0.289,12.132,2.186,-0.120,WJFUELUSGULF,WCOILBRENTEU,WDFUELUSGULF,FRED/EIA,2026-04-16T13:04:34+00:00
2025-03-28,2.108,74.350,1.770,0.338,14.186,2.228,-0.120,WJFUELUSGULF,WCOILBRENTEU,WDFUELUSGULF,FRED/EIA,2026-04-16T13:04:34+00:00
2025-03-21,2.059,72.210,1.719,0.340,14.268,2.165,-0.106,WJFUELUSGULF,WCOILBRENTEU,WDFUELUSGULF,FRED/EIA,2026-04-16T13:04:34+00:00
2025-03-14,2.016,71.540,1.703,0.313,13.132,2.117,-0.101,WJFUELUSGULF,WCOILBRENTEU,WDFUELUSGULF,FRED/EIA,2026-04-16T13:04:34+00:00
2025-03-07,2.077,71.930,1.713,0.364,15.304,2.181,-0.104,WJFUELUSGULF,WCOILBRENTEU,WDFUELUSGULF,FRED/EIA,2026-04-16T13:04:34+00:00
2025-02-28,2.160,74.250,1.768,0.392,16.470,2.294,-0.134,WJFUELUSGULF,WCOILBRENTEU,WDFUELUSGULF,FRED/EIA,2026-04-16T13:04:34+00:00
2025-02-21,2.304,76.090,1.812,0.492,20.678,2.404,-0.100,WJFUELUSGULF,WCOILBRENTEU,WDFUELUSGULF,FRED/EIA,2026-04-16T13:04:34+00:00
2025-02-14,2.295,76.010,1.810,0.485,20.380,2.390,-0.095,WJFUELUSGULF,WCOILBRENTEU,WDFUELUSGULF,FRED/EIA,2026-04-16T13:04:34+00:00
2025-02-07,2.305,75.400,1.795,0.510,21.410,2.357,-0.052,WJFUELUSGULF,WCOILBRENTEU,WDFUELUSGULF,FRED/EIA,2026-04-16T13:04:34+00:00
2025-01-31,2.308,77.370,1.842,0.466,19.566,2.385,-0.077,WJFUELUSGULF,WCOILBRENTEU,WDFUELUSGULF,FRED/EIA,2026-04-16T13:04:34+00:00
2025-01-24,2.382,79.920,1.903,0.479,20.124,2.447,-0.065,WJFUELUSGULF,WCOILBRENTEU,WDFUELUSGULF,FRED/EIA,2026-04-16T13:04:34+00:00
2025-01-17,2.412,82.790,1.971,0.441,18.514,2.493,-0.081,WJFUELUSGULF,WCOILBRENTEU,WDFUELUSGULF,FRED/EIA,2026-04-16T13:04:34+00:00
2025-01-10,2.317,78.140,1.860,0.457,19.174,2.316,0.001,WJFUELUSGULF,WCOILBRENTEU,WDFUELUSGULF,FRED/EIA,2026-04-16T13:04:34+00:00
2025-01-03,2.239,75.420,1.796,0.443,18.618,2.260,-0.021,WJFUELUSGULF,WCOILBRENTEU,WDFUELUSGULF,FRED/EIA,2026-04-16T13:04:34+00:00
2024-12-27,2.103,73.130,1.741,0.362,15.196,2.147,-0.044,WJFUELUSGULF,WCOILBRENTEU,WDFUELUSGULF,FRED/EIA,2026-04-16T13:04:34+00:00
2024-12-20,2.119,73.790,1.757,0.362,15.208,2.163,-0.044,WJFUELUSGULF,WCOILBRENTEU,WDFUELUSGULF,FRED/EIA,2026-04-16T13:04:34+00:00
2024-12-13,2.095,74.030,1.763,0.332,13.960,2.128,-0.033,WJFUELUSGULF,WCOILBRENTEU,WDFUELUSGULF,FRED/EIA,2026-04-16T13:04:34+00:00
2024-12-06,2.027,73.970,1.761,0.266,11.164,2.089,-0.062,WJFUELUSGULF,WCOILBRENTEU,WDFUELUSGULF,FRED/EIA,2026-04-16T13:04:34+00:00
2024-11-29,2.054,74.160,1.766,0.288,12.108,2.136,-0.082,WJFUELUSGULF,WCOILBRENTEU,WDFUELUSGULF,FRED/EIA,2026-04-16T13:04:34+00:00
2024-11-22,2.078,74.840,1.782,0.296,12.436,2.173,-0.095,WJFUELUSGULF,WCOILBRENTEU,WDFUELUSGULF,FRED/EIA,2026-04-16T13:04:34+00:00
2024-11-15,2.022,72.890,1.735,0.287,12.034,2.115,-0.093,WJFUELUSGULF,WCOILBRENTEU,WDFUELUSGULF,FRED/EIA,2026-04-16T13:04:34+00:00
2024-11-08,2.099,75.630,1.801,0.298,12.528,2.188,-0.089,WJFUELUSGULF,WCOILBRENTEU,WDFUELUSGULF,FRED/EIA,2026-04-16T13:04:34+00:00
2024-11-01,2.015,72.610,1.729,0.286,12.020,2.120,-0.105,WJFUELUSGULF,WCOILBRENTEU,WDFUELUSGULF,FRED/EIA,2026-04-16T13:04:34+00:00
2024-10-25,2.044,74.690,1.778,0.266,11.158,2.145,-0.101,WJFUELUSGULF,WCOILBRENTEU,WDFUELUSGULF,FRED/EIA,2026-04-16T13:04:34+00:00
2024-10-18,2.013,74.580,1.776,0.237,9.966,2.105,-0.092,WJFUELUSGULF,WCOILBRENTEU,WDFUELUSGULF,FRED/EIA,2026-04-16T13:04:34+00:00
2024-10-11,2.157,79.340,1.889,0.268,11.254,2.261,-0.104,WJFUELUSGULF,WCOILBRENTEU,WDFUELUSGULF,FRED/EIA,2026-04-16T13:04:34+00:00
2024-10-04,2.074,75.880,1.807,0.267,11.228,2.160,-0.086,WJFUELUSGULF,WCOILBRENTEU,WDFUELUSGULF,FRED/EIA,2026-04-16T13:04:34+00:00
2024-09-27,1.993,74.070,1.764,0.229,9.636,2.089,-0.096,WJFUELUSGULF,WCOILBRENTEU,WDFUELUSGULF,FRED/EIA,2026-04-16T13:04:34+00:00
2024-09-20,1.975,74.980,1.785,0.190,7.970,2.074,-0.099,WJFUELUSGULF,WCOILBRENTEU,WDFUELUSGULF,FRED/EIA,2026-04-16T13:04:34+00:00
2024-09-13,1.955,72.100,1.717,0.238,10.010,2.036,-0.081,WJFUELUSGULF,WCOILBRENTEU,WDFUELUSGULF,FRED/EIA,2026-04-16T13:04:34+00:00
2024-09-06,2.014,75.250,1.792,0.222,9.338,2.091,-0.077,WJFUELUSGULF,WCOILBRENTEU,WDFUELUSGULF,FRED/EIA,2026-04-16T13:04:34+00:00
2024-08-30,2.130,80.830,1.925,0.205,8.630,2.220,-0.090,WJFUELUSGULF,WCOILBRENTEU,WDFUELUSGULF,FRED/EIA,2026-04-16T13:04:34+00:00
2024-08-23,2.130,79.570,1.895,0.235,9.890,2.199,-0.069,WJFUELUSGULF,WCOILBRENTEU,WDFUELUSGULF,FRED/EIA,2026-04-16T13:04:34+00:00
2024-08-16,2.225,82.470,1.964,0.261,10.980,2.282,-0.057,WJFUELUSGULF,WCOILBRENTEU,WDFUELUSGULF,FRED/EIA,2026-04-16T13:04:34+00:00
2024-08-09,2.194,78.840,1.877,0.317,13.308,2.232,-0.038,WJFUELUSGULF,WCOILBRENTEU,WDFUELUSGULF,FRED/EIA,2026-04-16T13:04:34+00:00
2024-08-02,2.248,80.260,1.911,0.337,14.156,2.280,-0.032,WJFUELUSGULF,WCOILBRENTEU,WDFUELUSGULF,FRED/EIA,2026-04-16T13:04:34+00:00
2024-07-26,2.358,82.520,1.965,0.393,16.516,2.354,0.004,WJFUELUSGULF,WCOILBRENTEU,WDFUELUSGULF,FRED/EIA,2026-04-16T13:04:34+00:00
2024-07-19,2.408,86.050,2.049,0.359,15.086,2.400,0.008,WJFUELUSGULF,WCOILBRENTEU,WDFUELUSGULF,FRED/EIA,2026-04-16T13:04:34+00:00
2024-07-12,2.471,86.800,2.067,0.404,16.982,2.460,0.011,WJFUELUSGULF,WCOILBRENTEU,WDFUELUSGULF,FRED/EIA,2026-04-16T13:04:34+00:00
2024-07-05,2.570,88.020,2.096,0.474,19.920,2.550,0.020,WJFUELUSGULF,WCOILBRENTEU,WDFUELUSGULF,FRED/EIA,2026-04-16T13:04:34+00:00
2024-06-28,2.480,86.720,2.065,0.415,17.440,2.473,0.007,WJFUELUSGULF,WCOILBRENTEU,WDFUELUSGULF,FRED/EIA,2026-04-16T13:04:34+00:00
2024-06-21,2.464,85.040,2.025,0.439,18.448,2.450,0.014,WJFUELUSGULF,WCOILBRENTEU,WDFUELUSGULF,FRED/EIA,2026-04-16T13:04:34+00:00
2024-06-14,2.391,80.640,1.920,0.471,19.782,2.381,0.010,WJFUELUSGULF,WCOILBRENTEU,WDFUELUSGULF,FRED/EIA,2026-04-16T13:04:34+00:00
2024-06-07,2.253,76.590,1.824,0.429,18.036,2.250,0.003,WJFUELUSGULF,WCOILBRENTEU,WDFUELUSGULF,FRED/EIA,2026-04-16T13:04:34+00:00
2024-05-31,2.335,80.920,1.927,0.408,17.150,2.337,-0.002,WJFUELUSGULF,WCOILBRENTEU,WDFUELUSGULF,FRED/EIA,2026-04-16T13:04:34+00:00
2024-05-24,2.375,80.240,1.910,0.465,19.510,2.374,0.001,WJFUELUSGULF,WCOILBRENTEU,WDFUELUSGULF,FRED/EIA,2026-04-16T13:04:34+00:00
2024-05-17,2.377,81.610,1.943,0.434,18.224,2.375,0.002,WJFUELUSGULF,WCOILBRENTEU,WDFUELUSGULF,FRED/EIA,2026-04-16T13:04:34+00:00
2024-05-10,2.416,82.950,1.975,0.441,18.522,2.391,0.025,WJFUELUSGULF,WCOILBRENTEU,WDFUELUSGULF,FRED/EIA,2026-04-16T13:04:34+00:00
2024-05-03,2.430,85.730,2.041,0.389,16.330,2.412,0.018,WJFUELUSGULF,WCOILBRENTEU,WDFUELUSGULF,FRED/EIA,2026-04-16T13:04:34+00:00
2024-04-26,2.506,88.530,2.108,0.398,16.722,2.487,0.019,WJFUELUSGULF,WCOILBRENTEU,WDFUELUSGULF,FRED/EIA,2026-04-16T13:04:34+00:00
2024-04-19,2.594,89.590,2.133,0.461,19.358,2.523,0.071,WJFUELUSGULF,WCOILBRENTEU,WDFUELUSGULF,FRED/EIA,2026-04-16T13:04:34+00:00
2024-04-12,2.675,92.010,2.191,0.484,20.340,2.625,0.050,WJFUELUSGULF,WCOILBRENTEU,WDFUELUSGULF,FRED/EIA,2026-04-16T13:04:34+00:00
2024-04-05,2.694,90.340,2.151,0.543,22.808,2.649,0.045,WJFUELUSGULF,WCOILBRENTEU,WDFUELUSGULF,FRED/EIA,2026-04-16T13:04:34+00:00
2024-03-29,2.541,85.800,2.043,0.498,20.922,2.553,-0.012,WJFUELUSGULF,WCOILBRENTEU,WDFUELUSGULF,FRED/EIA,2026-04-16T13:04:34+00:00
2024-03-22,2.637,85.880,2.045,0.592,24.874,2.637,0.000,WJFUELUSGULF,WCOILBRENTEU,WDFUELUSGULF,FRED/EIA,2026-04-16T13:04:34+00:00
2024-03-15,2.617,84.520,2.012,0.605,25.394,2.606,0.011,WJFUELUSGULF,WCOILBRENTEU,WDFUELUSGULF,FRED/EIA,2026-04-16T13:04:34+00:00
2024-03-08,2.564,85.630,2.039,0.525,22.058,2.578,-0.014,WJFUELUSGULF,WCOILBRENTEU,WDFUELUSGULF,FRED/EIA,2026-04-16T13:04:34+00:00
2024-03-01,2.592,84.260,2.006,0.586,24.604,2.619,-0.027,WJFUELUSGULF,WCOILBRENTEU,WDFUELUSGULF,FRED/EIA,2026-04-16T13:04:34+00:00
2024-02-23,2.642,85.020,2.024,0.618,25.944,2.649,-0.007,WJFUELUSGULF,WCOILBRENTEU,WDFUELUSGULF,FRED/EIA,2026-04-16T13:04:34+00:00
2024-02-16,2.754,84.440,2.010,0.744,31.228,2.790,-0.036,WJFUELUSGULF,WCOILBRENTEU,WDFUELUSGULF,FRED/EIA,2026-04-16T13:04:34+00:00
2024-02-09,2.748,81.510,1.941,0.807,33.906,2.773,-0.025,WJFUELUSGULF,WCOILBRENTEU,WDFUELUSGULF,FRED/EIA,2026-04-16T13:04:34+00:00
2024-02-02,2.695,82.570,1.966,0.729,30.620,2.675,0.020,WJFUELUSGULF,WCOILBRENTEU,WDFUELUSGULF,FRED/EIA,2026-04-16T13:04:34+00:00
2024-01-26,2.654,82.310,1.960,0.694,29.158,2.650,0.004,WJFUELUSGULF,WCOILBRENTEU,WDFUELUSGULF,FRED/EIA,2026-04-16T13:04:34+00:00
2024-01-19,2.579,80.110,1.907,0.672,28.208,2.542,0.037,WJFUELUSGULF,WCOILBRENTEU,WDFUELUSGULF,FRED/EIA,2026-04-16T13:04:34+00:00
2024-01-12,2.560,78.400,1.867,0.693,29.120,2.523,0.037,WJFUELUSGULF,WCOILBRENTEU,WDFUELUSGULF,FRED/EIA,2026-04-16T13:04:34+00:00
2024-01-05,2.416,76.880,1.830,0.586,24.592,2.451,-0.035,WJFUELUSGULF,WCOILBRENTEU,WDFUELUSGULF,FRED/EIA,2026-04-16T13:04:34+00:00
2023-12-29,2.426,79.230,1.886,0.540,22.662,2.439,-0.013,WJFUELUSGULF,WCOILBRENTEU,WDFUELUSGULF,FRED/EIA,2026-04-16T13:04:34+00:00
2023-12-22,2.514,80.150,1.908,0.606,25.438,2.518,-0.004,WJFUELUSGULF,WCOILBRENTEU,WDFUELUSGULF,FRED/EIA,2026-04-16T13:04:34+00:00
2023-12-15,2.281,75.580,1.800,0.481,20.222,2.292,-0.011,WJFUELUSGULF,WCOILBRENTEU,WDFUELUSGULF,FRED/EIA,2026-04-16T13:04:34+00:00
2023-12-08,2.330,75.980,1.809,0.521,21.880,2.299,0.031,WJFUELUSGULF,WCOILBRENTEU,WDFUELUSGULF,FRED/EIA,2026-04-16T13:04:34+00:00
2023-12-01,2.561,80.910,1.926,0.635,26.652,2.551,0.010,WJFUELUSGULF,WCOILBRENTEU,WDFUELUSGULF,FRED/EIA,2026-04-16T13:04:34+00:00
2023-11-24,2.663,81.620,1.943,0.720,30.226,2.643,0.020,WJFUELUSGULF,WCOILBRENTEU,WDFUELUSGULF,FRED/EIA,2026-04-16T13:04:34+00:00
2023-11-17,2.759,81.930,1.951,0.808,33.948,2.600,0.159,WJFUELUSGULF,WCOILBRENTEU,WDFUELUSGULF,FRED/EIA,2026-04-16T13:04:34+00:00
2023-11-10,2.751,83.520,1.989,0.762,32.022,2.666,0.085,WJFUELUSGULF,WCOILBRENTEU,WDFUELUSGULF,FRED/EIA,2026-04-16T13:04:34+00:00
2023-11-03,2.908,88.210,2.100,0.808,33.926,2.893,0.015,WJFUELUSGULF,WCOILBRENTEU,WDFUELUSGULF,FRED/EIA,2026-04-16T13:04:34+00:00
2023-10-27,2.856,89.840,2.139,0.717,30.112,2.989,-0.133,WJFUELUSGULF,WCOILBRENTEU,WDFUELUSGULF,FRED/EIA,2026-04-16T13:04:34+00:00
2023-10-20,2.952,92.470,2.202,0.750,31.514,3.078,-0.126,WJFUELUSGULF,WCOILBRENTEU,WDFUELUSGULF,FRED/EIA,2026-04-16T13:04:34+00:00
2023-10-13,2.907,90.480,2.154,0.753,31.614,2.998,-0.091,WJFUELUSGULF,WCOILBRENTEU,WDFUELUSGULF,FRED/EIA,2026-04-16T13:04:34+00:00
2023-10-06,2.823,90.330,2.151,0.672,28.236,3.010,-0.187,WJFUELUSGULF,WCOILBRENTEU,WDFUELUSGULF,FRED/EIA,2026-04-16T13:04:34+00:00
2023-09-29,3.112,95.610,2.276,0.836,35.094,3.272,-0.160,WJFUELUSGULF,WCOILBRENTEU,WDFUELUSGULF,FRED/EIA,2026-04-16T13:04:34+00:00
2023-09-22,3.153,94.860,2.259,0.894,37.566,3.306,-0.153,WJFUELUSGULF,WCOILBRENTEU,WDFUELUSGULF,FRED/EIA,2026-04-16T13:04:34+00:00
2023-09-15,3.182,93.870,2.235,0.947,39.774,3.330,-0.148,WJFUELUSGULF,WCOILBRENTEU,WDFUELUSGULF,FRED/EIA,2026-04-16T13:04:34+00:00
2023-09-08,3.047,91.290,2.174,0.873,36.684,3.174,-0.127,WJFUELUSGULF,WCOILBRENTEU,WDFUELUSGULF,FRED/EIA,2026-04-16T13:04:34+00:00
2023-09-01,3.022,87.570,2.085,0.937,39.354,3.083,-0.061,WJFUELUSGULF,WCOILBRENTEU,WDFUELUSGULF,FRED/EIA,2026-04-16T13:04:34+00:00
2023-08-25,3.078,84.710,2.017,1.061,44.566,3.109,-0.031,WJFUELUSGULF,WCOILBRENTEU,WDFUELUSGULF,FRED/EIA,2026-04-16T13:04:34+00:00
2023-08-18,2.958,85.870,2.045,0.913,38.366,3.016,-0.058,WJFUELUSGULF,WCOILBRENTEU,WDFUELUSGULF,FRED/EIA,2026-04-16T13:04:34+00:00
2023-08-11,2.966,87.830,2.091,0.875,36.742,3.049,-0.083,WJFUELUSGULF,WCOILBRENTEU,WDFUELUSGULF,FRED/EIA,2026-04-16T13:04:34+00:00
2023-08-04,2.891,85.630,2.039,0.852,35.792,2.972,-0.081,WJFUELUSGULF,WCOILBRENTEU,WDFUELUSGULF,FRED/EIA,2026-04-16T13:04:34+00:00
2023-07-28,2.683,83.550,1.989,0.694,29.136,2.785,-0.102,WJFUELUSGULF,WCOILBRENTEU,WDFUELUSGULF,FRED/EIA,2026-04-16T13:04:34+00:00
2023-07-21,2.455,79.480,1.892,0.563,23.630,2.565,-0.110,WJFUELUSGULF,WCOILBRENTEU,WDFUELUSGULF,FRED/EIA,2026-04-16T13:04:34+00:00
2023-07-14,2.399,79.790,1.900,0.499,20.968,2.517,-0.118,WJFUELUSGULF,WCOILBRENTEU,WDFUELUSGULF,FRED/EIA,2026-04-16T13:04:34+00:00
2023-07-07,2.302,76.600,1.824,0.478,20.084,2.416,-0.114,WJFUELUSGULF,WCOILBRENTEU,WDFUELUSGULF,FRED/EIA,2026-04-16T13:04:34+00:00
2023-06-30,2.226,73.550,1.751,0.475,19.942,2.352,-0.126,WJFUELUSGULF,WCOILBRENTEU,WDFUELUSGULF,FRED/EIA,2026-04-16T13:04:34+00:00
2023-06-23,2.290,75.260,1.792,0.498,20.920,2.417,-0.127,WJFUELUSGULF,WCOILBRENTEU,WDFUELUSGULF,FRED/EIA,2026-04-16T13:04:34+00:00
2023-06-16,2.254,74.390,1.771,0.483,20.278,2.359,-0.105,WJFUELUSGULF,WCOILBRENTEU,WDFUELUSGULF,FRED/EIA,2026-04-16T13:04:34+00:00
2023-06-09,2.260,76.060,1.811,0.449,18.860,2.318,-0.058,WJFUELUSGULF,WCOILBRENTEU,WDFUELUSGULF,FRED/EIA,2026-04-16T13:04:34+00:00
2023-06-02,2.146,73.890,1.759,0.387,16.242,2.253,-0.107,WJFUELUSGULF,WCOILBRENTEU,WDFUELUSGULF,FRED/EIA,2026-04-16T13:04:34+00:00
2023-05-26,2.186,76.480,1.821,0.365,15.332,2.318,-0.132,WJFUELUSGULF,WCOILBRENTEU,WDFUELUSGULF,FRED/EIA,2026-04-16T13:04:34+00:00
2023-05-19,2.217,75.750,1.804,0.413,17.364,2.348,-0.131,WJFUELUSGULF,WCOILBRENTEU,WDFUELUSGULF,FRED/EIA,2026-04-16T13:04:34+00:00
2023-05-12,2.214,76.080,1.811,0.403,16.908,2.324,-0.110,WJFUELUSGULF,WCOILBRENTEU,WDFUELUSGULF,FRED/EIA,2026-04-16T13:04:34+00:00
2023-05-05,2.103,74.620,1.777,0.326,13.706,2.252,-0.149,WJFUELUSGULF,WCOILBRENTEU,WDFUELUSGULF,FRED/EIA,2026-04-16T13:04:34+00:00
2023-04-28,2.184,81.400,1.938,0.246,10.328,2.356,-0.172,WJFUELUSGULF,WCOILBRENTEU,WDFUELUSGULF,FRED/EIA,2026-04-16T13:04:34+00:00
2023-04-21,2.288,84.620,2.015,0.273,11.476,2.483,-0.195,WJFUELUSGULF,WCOILBRENTEU,WDFUELUSGULF,FRED/EIA,2026-04-16T13:04:34+00:00
2023-04-14,2.498,87.360,2.080,0.418,17.556,2.617,-0.119,WJFUELUSGULF,WCOILBRENTEU,WDFUELUSGULF,FRED/EIA,2026-04-16T13:04:34+00:00
2023-04-07,2.565,85.990,2.047,0.518,21.740,2.642,-0.077,WJFUELUSGULF,WCOILBRENTEU,WDFUELUSGULF,FRED/EIA,2026-04-16T13:04:34+00:00
2023-03-31,2.621,78.000,1.857,0.764,32.082,2.661,-0.040,WJFUELUSGULF,WCOILBRENTEU,WDFUELUSGULF,FRED/EIA,2026-04-16T13:04:34+00:00
2023-03-24,2.502,74.240,1.768,0.734,30.844,2.613,-0.111,WJFUELUSGULF,WCOILBRENTEU,WDFUELUSGULF,FRED/EIA,2026-04-16T13:04:34+00:00
2023-03-17,2.602,74.980,1.785,0.817,34.304,2.658,-0.056,WJFUELUSGULF,WCOILBRENTEU,WDFUELUSGULF,FRED/EIA,2026-04-16T13:04:34+00:00
2023-03-10,2.814,82.860,1.973,0.841,35.328,2.737,0.077,WJFUELUSGULF,WCOILBRENTEU,WDFUELUSGULF,FRED/EIA,2026-04-16T13:04:34+00:00
2023-03-03,2.991,83.600,1.990,1.001,42.022,2.821,0.170,WJFUELUSGULF,WCOILBRENTEU,WDFUELUSGULF,FRED/EIA,2026-04-16T13:04:34+00:00
2023-02-24,2.776,81.770,1.947,0.829,34.822,2.706,0.070,WJFUELUSGULF,WCOILBRENTEU,WDFUELUSGULF,FRED/EIA,2026-04-16T13:04:34+00:00
2023-02-17,2.702,84.170,2.004,0.698,29.314,2.763,-0.061,WJFUELUSGULF,WCOILBRENTEU,WDFUELUSGULF,FRED/EIA,2026-04-16T13:04:34+00:00
2023-02-10,2.811,83.300,1.983,0.828,34.762,2.785,0.026,WJFUELUSGULF,WCOILBRENTEU,WDFUELUSGULF,FRED/EIA,2026-04-16T13:04:34+00:00
2023-02-03,3.072,81.870,1.949,1.123,47.154,2.949,0.123,WJFUELUSGULF,WCOILBRENTEU,WDFUELUSGULF,FRED/EIA,2026-04-16T13:04:34+00:00
2023-01-27,3.830,85.900,2.045,1.785,74.960,3.371,0.459,WJFUELUSGULF,WCOILBRENTEU,WDFUELUSGULF,FRED/EIA,2026-04-16T13:04:34+00:00
2023-01-20,3.661,84.570,2.014,1.647,69.192,3.286,0.375,WJFUELUSGULF,WCOILBRENTEU,WDFUELUSGULF,FRED/EIA,2026-04-16T13:04:34+00:00
2023-01-13,3.501,80.610,1.919,1.582,66.432,3.160,0.341,WJFUELUSGULF,WCOILBRENTEU,WDFUELUSGULF,FRED/EIA,2026-04-16T13:04:34+00:00
2023-01-06,3.117,77.200,1.838,1.279,53.714,3.021,0.096,WJFUELUSGULF,WCOILBRENTEU,WDFUELUSGULF,FRED/EIA,2026-04-16T13:04:34+00:00
2022-12-30,3.322,81.830,1.948,1.374,57.694,3.355,-0.033,WJFUELUSGULF,WCOILBRENTEU,WDFUELUSGULF,FRED/EIA,2026-04-16T13:04:34+00:00
2022-12-23,2.892,80.680,1.921,0.971,40.784,2.981,-0.089,WJFUELUSGULF,WCOILBRENTEU,WDFUELUSGULF,FRED/EIA,2026-04-16T13:04:34+00:00
2022-12-16,2.915,80.800,1.924,0.991,41.630,2.956,-0.041,WJFUELUSGULF,WCOILBRENTEU,WDFUELUSGULF,FRED/EIA,2026-04-16T13:04:34+00:00
2022-12-09,2.572,78.560,1.870,0.702,29.464,2.689,-0.117,WJFUELUSGULF,WCOILBRENTEU,WDFUELUSGULF,FRED/EIA,2026-04-16T13:04:34+00:00
2022-12-02,2.831,85.030,2.025,0.806,33.872,3.003,-0.172,WJFUELUSGULF,WCOILBRENTEU,WDFUELUSGULF,FRED/EIA,2026-04-16T13:04:34+00:00
2022-11-25,2.958,86.400,2.057,0.901,37.836,3.046,-0.088,WJFUELUSGULF,WCOILBRENTEU,WDFUELUSGULF,FRED/EIA,2026-04-16T13:04:34+00:00
2022-11-18,3.179,92.090,2.193,0.986,41.428,3.283,-0.104,WJFUELUSGULF,WCOILBRENTEU,WDFUELUSGULF,FRED/EIA,2026-04-16T13:04:34+00:00
2022-11-11,3.273,96.080,2.288,0.985,41.386,3.549,-0.276,WJFUELUSGULF,WCOILBRENTEU,WDFUELUSGULF,FRED/EIA,2026-04-16T13:04:34+00:00
2022-11-04,3.613,95.860,2.282,1.331,55.886,3.892,-0.279,WJFUELUSGULF,WCOILBRENTEU,WDFUELUSGULF,FRED/EIA,2026-04-16T13:04:34+00:00
2022-10-28,3.998,93.010,2.215,1.783,74.906,4.227,-0.229,WJFUELUSGULF,WCOILBRENTEU,WDFUELUSGULF,FRED/EIA,2026-04-16T13:04:34+00:00
2022-10-21,3.459,91.040,2.168,1.291,54.238,3.792,-0.333,WJFUELUSGULF,WCOILBRENTEU,WDFUELUSGULF,FRED/EIA,2026-04-16T13:04:34+00:00
2022-10-14,3.677,94.620,2.253,1.424,59.814,4.004,-0.327,WJFUELUSGULF,WCOILBRENTEU,WDFUELUSGULF,FRED/EIA,2026-04-16T13:04:34+00:00
2022-10-07,3.627,94.660,2.254,1.373,57.674,3.739,-0.112,WJFUELUSGULF,WCOILBRENTEU,WDFUELUSGULF,FRED/EIA,2026-04-16T13:04:34+00:00
2022-09-30,3.403,87.280,2.078,1.325,55.646,3.319,0.084,WJFUELUSGULF,WCOILBRENTEU,WDFUELUSGULF,FRED/EIA,2026-04-16T13:04:34+00:00
2022-09-23,3.162,88.540,2.108,1.054,44.264,3.267,-0.105,WJFUELUSGULF,WCOILBRENTEU,WDFUELUSGULF,FRED/EIA,2026-04-16T13:04:34+00:00
2022-09-16,3.153,91.410,2.176,0.977,41.016,3.327,-0.174,WJFUELUSGULF,WCOILBRENTEU,WDFUELUSGULF,FRED/EIA,2026-04-16T13:04:34+00:00
2022-09-09,3.321,90.430,2.153,1.168,49.052,3.521,-0.200,WJFUELUSGULF,WCOILBRENTEU,WDFUELUSGULF,FRED/EIA,2026-04-16T13:04:34+00:00
2022-09-02,3.449,95.310,2.269,1.180,49.548,3.638,-0.189,WJFUELUSGULF,WCOILBRENTEU,WDFUELUSGULF,FRED/EIA,2026-04-16T13:04:34+00:00
2022-08-26,3.651,98.870,2.354,1.297,54.472,3.868,-0.217,WJFUELUSGULF,WCOILBRENTEU,WDFUELUSGULF,FRED/EIA,2026-04-16T13:04:34+00:00
2022-08-19,3.305,96.730,2.303,1.002,42.080,3.511,-0.206,WJFUELUSGULF,WCOILBRENTEU,WDFUELUSGULF,FRED/EIA,2026-04-16T13:04:34+00:00
2022-08-12,3.152,104.640,2.491,0.661,27.744,3.319,-0.167,WJFUELUSGULF,WCOILBRENTEU,WDFUELUSGULF,FRED/EIA,2026-04-16T13:04:34+00:00
2022-08-05,3.129,102.540,2.441,0.688,28.878,3.295,-0.166,WJFUELUSGULF,WCOILBRENTEU,WDFUELUSGULF,FRED/EIA,2026-04-16T13:04:34+00:00
2022-07-29,3.457,109.280,2.602,0.855,35.914,3.594,-0.137,WJFUELUSGULF,WCOILBRENTEU,WDFUELUSGULF,FRED/EIA,2026-04-16T13:04:34+00:00
2022-07-22,3.405,113.530,2.703,0.702,29.480,3.561,-0.156,WJFUELUSGULF,WCOILBRENTEU,WDFUELUSGULF,FRED/EIA,2026-04-16T13:04:34+00:00
2022-07-15,3.557,109.800,2.614,0.943,39.594,3.702,-0.145,WJFUELUSGULF,WCOILBRENTEU,WDFUELUSGULF,FRED/EIA,2026-04-16T13:04:34+00:00
2022-07-08,3.420,113.640,2.706,0.714,30.000,3.585,-0.165,WJFUELUSGULF,WCOILBRENTEU,WDFUELUSGULF,FRED/EIA,2026-04-16T13:04:34+00:00
2022-07-01,3.915,120.340,2.865,1.050,44.090,4.057,-0.142,WJFUELUSGULF,WCOILBRENTEU,WDFUELUSGULF,FRED/EIA,2026-04-16T13:04:34+00:00
2022-06-24,4.180,116.830,2.782,1.398,58.730,4.304,-0.124,WJFUELUSGULF,WCOILBRENTEU,WDFUELUSGULF,FRED/EIA,2026-04-16T13:04:34+00:00
2022-06-17,4.242,125.080,2.978,1.264,53.084,4.405,-0.163,WJFUELUSGULF,WCOILBRENTEU,WDFUELUSGULF,FRED/EIA,2026-04-16T13:04:34+00:00
2022-06-10,4.141,127.400,3.033,1.108,46.522,4.355,-0.214,WJFUELUSGULF,WCOILBRENTEU,WDFUELUSGULF,FRED/EIA,2026-04-16T13:04:34+00:00
2022-06-03,3.976,124.110,2.955,1.021,42.882,4.157,-0.181,WJFUELUSGULF,WCOILBRENTEU,WDFUELUSGULF,FRED/EIA,2026-04-16T13:04:34+00:00
2022-05-27,3.714,117.660,2.801,0.913,38.328,3.809,-0.095,WJFUELUSGULF,WCOILBRENTEU,WDFUELUSGULF,FRED/EIA,2026-04-16T13:04:34+00:00
2022-05-20,3.602,112.930,2.689,0.913,38.354,3.643,-0.041,WJFUELUSGULF,WCOILBRENTEU,WDFUELUSGULF,FRED/EIA,2026-04-16T13:04:34+00:00
2022-05-13,4.042,107.430,2.558,1.484,62.334,3.949,0.093,WJFUELUSGULF,WCOILBRENTEU,WDFUELUSGULF,FRED/EIA,2026-04-16T13:04:34+00:00
2022-05-06,4.266,110.360,2.628,1.638,68.812,4.332,-0.066,WJFUELUSGULF,WCOILBRENTEU,WDFUELUSGULF,FRED/EIA,2026-04-16T13:04:34+00:00
2022-04-29,4.626,103.920,2.474,2.152,90.372,4.746,-0.120,WJFUELUSGULF,WCOILBRENTEU,WDFUELUSGULF,FRED/EIA,2026-04-16T13:04:34+00:00
2022-04-22,3.859,105.720,2.517,1.342,56.358,3.917,-0.058,WJFUELUSGULF,WCOILBRENTEU,WDFUELUSGULF,FRED/EIA,2026-04-16T13:04:34+00:00
2022-04-15,3.604,105.420,2.510,1.094,45.948,3.640,-0.036,WJFUELUSGULF,WCOILBRENTEU,WDFUELUSGULF,FRED/EIA,2026-04-16T13:04:34+00:00
2022-04-08,3.561,103.330,2.460,1.101,46.232,3.527,0.034,WJFUELUSGULF,WCOILBRENTEU,WDFUELUSGULF,FRED/EIA,2026-04-16T13:04:34+00:00
2022-04-01,3.790,111.260,2.649,1.141,47.920,3.786,0.004,WJFUELUSGULF,WCOILBRENTEU,WDFUELUSGULF,FRED/EIA,2026-04-16T13:04:34+00:00
2022-03-25,3.769,123.600,2.943,0.826,34.698,3.973,-0.204,WJFUELUSGULF,WCOILBRENTEU,WDFUELUSGULF,FRED/EIA,2026-04-16T13:04:34+00:00
2022-03-18,3.102,109.590,2.609,0.493,20.694,3.282,-0.180,WJFUELUSGULF,WCOILBRENTEU,WDFUELUSGULF,FRED/EIA,2026-04-16T13:04:34+00:00
2022-03-11,3.475,122.290,2.912,0.563,23.660,3.753,-0.278,WJFUELUSGULF,WCOILBRENTEU,WDFUELUSGULF,FRED/EIA,2026-04-16T13:04:34+00:00
2022-03-04,3.237,114.430,2.725,0.512,21.524,3.422,-0.185,WJFUELUSGULF,WCOILBRENTEU,WDFUELUSGULF,FRED/EIA,2026-04-16T13:04:34+00:00
2022-02-25,2.678,99.360,2.366,0.312,13.116,2.797,-0.119,WJFUELUSGULF,WCOILBRENTEU,WDFUELUSGULF,FRED/EIA,2026-04-16T13:04:34+00:00
2022-02-18,2.653,97.800,2.329,0.324,13.626,2.799,-0.146,WJFUELUSGULF,WCOILBRENTEU,WDFUELUSGULF,FRED/EIA,2026-04-16T13:04:34+00:00
2022-02-11,2.722,96.430,2.296,0.426,17.894,2.825,-0.103,WJFUELUSGULF,WCOILBRENTEU,WDFUELUSGULF,FRED/EIA,2026-04-16T13:04:34+00:00
2022-02-04,2.617,92.770,2.209,0.408,17.144,2.763,-0.146,WJFUELUSGULF,WCOILBRENTEU,WDFUELUSGULF,FRED/EIA,2026-04-16T13:04:34+00:00
2022-01-28,2.547,90.120,2.146,0.401,16.854,2.674,-0.127,WJFUELUSGULF,WCOILBRENTEU,WDFUELUSGULF,FRED/EIA,2026-04-16T13:04:34+00:00
2022-01-21,2.525,89.160,2.123,0.402,16.890,2.613,-0.088,WJFUELUSGULF,WCOILBRENTEU,WDFUELUSGULF,FRED/EIA,2026-04-16T13:04:34+00:00
2022-01-14,2.431,85.070,2.025,0.406,17.032,2.524,-0.093,WJFUELUSGULF,WCOILBRENTEU,WDFUELUSGULF,FRED/EIA,2026-04-16T13:04:34+00:00
2022-01-07,2.270,80.500,1.917,0.353,14.840,2.364,-0.094,WJFUELUSGULF,WCOILBRENTEU,WDFUELUSGULF,FRED/EIA,2026-04-16T13:04:34+00:00
2021-12-31,2.196,78.160,1.861,0.335,14.072,2.307,-0.111,WJFUELUSGULF,WCOILBRENTEU,WDFUELUSGULF,FRED/EIA,2026-04-16T13:04:34+00:00
2021-12-24,2.107,73.910,1.760,0.347,14.584,2.222,-0.115,WJFUELUSGULF,WCOILBRENTEU,WDFUELUSGULF,FRED/EIA,2026-04-16T13:04:34+00:00
2021-12-17,2.093,73.760,1.756,0.337,14.146,2.166,-0.073,WJFUELUSGULF,WCOILBRENTEU,WDFUELUSGULF,FRED/EIA,2026-04-16T13:04:34+00:00
2021-12-10,2.096,74.790,1.781,0.315,13.242,2.176,-0.080,WJFUELUSGULF,WCOILBRENTEU,WDFUELUSGULF,FRED/EIA,2026-04-16T13:04:34+00:00
2021-12-03,1.918,71.000,1.690,0.228,9.556,2.046,-0.128,WJFUELUSGULF,WCOILBRENTEU,WDFUELUSGULF,FRED/EIA,2026-04-16T13:04:34+00:00
2021-11-26,2.172,80.240,1.910,0.262,10.984,2.298,-0.126,WJFUELUSGULF,WCOILBRENTEU,WDFUELUSGULF,FRED/EIA,2026-04-16T13:04:34+00:00
2021-11-19,2.180,81.630,1.944,0.236,9.930,2.311,-0.131,WJFUELUSGULF,WCOILBRENTEU,WDFUELUSGULF,FRED/EIA,2026-04-16T13:04:34+00:00
2021-11-12,2.262,83.390,1.985,0.277,11.614,2.393,-0.131,WJFUELUSGULF,WCOILBRENTEU,WDFUELUSGULF,FRED/EIA,2026-04-16T13:04:34+00:00
2021-11-05,2.257,82.520,1.965,0.292,12.274,2.400,-0.143,WJFUELUSGULF,WCOILBRENTEU,WDFUELUSGULF,FRED/EIA,2026-04-16T13:04:34+00:00
2021-10-29,2.300,84.120,2.003,0.297,12.480,2.466,-0.166,WJFUELUSGULF,WCOILBRENTEU,WDFUELUSGULF,FRED/EIA,2026-04-16T13:04:34+00:00
2021-10-22,2.321,84.980,2.023,0.298,12.502,2.498,-0.177,WJFUELUSGULF,WCOILBRENTEU,WDFUELUSGULF,FRED/EIA,2026-04-16T13:04:34+00:00
2021-10-15,2.329,83.870,1.997,0.332,13.948,2.478,-0.149,WJFUELUSGULF,WCOILBRENTEU,WDFUELUSGULF,FRED/EIA,2026-04-16T13:04:34+00:00
2021-10-08,2.260,82.010,1.953,0.307,12.910,2.406,-0.146,WJFUELUSGULF,WCOILBRENTEU,WDFUELUSGULF,FRED/EIA,2026-04-16T13:04:34+00:00
2021-10-01,2.143,78.440,1.868,0.275,11.566,2.267,-0.124,WJFUELUSGULF,WCOILBRENTEU,WDFUELUSGULF,FRED/EIA,2026-04-16T13:04:34+00:00
2021-09-24,2.022,75.320,1.793,0.229,9.604,2.160,-0.138,WJFUELUSGULF,WCOILBRENTEU,WDFUELUSGULF,FRED/EIA,2026-04-16T13:04:34+00:00
2021-09-17,1.996,74.130,1.765,0.231,9.702,2.141,-0.145,WJFUELUSGULF,WCOILBRENTEU,WDFUELUSGULF,FRED/EIA,2026-04-16T13:04:34+00:00
2021-09-10,1.910,72.010,1.715,0.195,8.210,2.088,-0.178,WJFUELUSGULF,WCOILBRENTEU,WDFUELUSGULF,FRED/EIA,2026-04-16T13:04:34+00:00
2021-09-03,1.927,73.020,1.739,0.188,7.914,2.101,-0.174,WJFUELUSGULF,WCOILBRENTEU,WDFUELUSGULF,FRED/EIA,2026-04-16T13:04:34+00:00
2021-08-27,1.842,71.020,1.691,0.151,6.344,2.023,-0.181,WJFUELUSGULF,WCOILBRENTEU,WDFUELUSGULF,FRED/EIA,2026-04-16T13:04:34+00:00
2021-08-20,1.735,68.080,1.621,0.114,4.790,1.937,-0.202,WJFUELUSGULF,WCOILBRENTEU,WDFUELUSGULF,FRED/EIA,2026-04-16T13:04:34+00:00
2021-08-13,1.819,71.090,1.693,0.126,5.308,2.023,-0.204,WJFUELUSGULF,WCOILBRENTEU,WDFUELUSGULF,FRED/EIA,2026-04-16T13:04:34+00:00
2021-08-06,1.832,72.260,1.720,0.112,4.684,2.046,-0.214,WJFUELUSGULF,WCOILBRENTEU,WDFUELUSGULF,FRED/EIA,2026-04-16T13:04:34+00:00
2021-07-30,1.918,75.750,1.804,0.114,4.806,2.110,-0.192,WJFUELUSGULF,WCOILBRENTEU,WDFUELUSGULF,FRED/EIA,2026-04-16T13:04:34+00:00
2021-07-23,1.842,72.200,1.719,0.123,5.164,2.014,-0.172,WJFUELUSGULF,WCOILBRENTEU,WDFUELUSGULF,FRED/EIA,2026-04-16T13:04:34+00:00
2021-07-16,1.902,75.800,1.805,0.097,4.084,2.082,-0.180,WJFUELUSGULF,WCOILBRENTEU,WDFUELUSGULF,FRED/EIA,2026-04-16T13:04:34+00:00
2021-07-09,1.872,76.130,1.813,0.059,2.494,2.065,-0.193,WJFUELUSGULF,WCOILBRENTEU,WDFUELUSGULF,FRED/EIA,2026-04-16T13:04:34+00:00
2021-07-02,1.895,76.260,1.816,0.079,3.330,2.087,-0.192,WJFUELUSGULF,WCOILBRENTEU,WDFUELUSGULF,FRED/EIA,2026-04-16T13:04:34+00:00
2021-06-25,1.911,75.410,1.795,0.116,4.852,2.097,-0.186,WJFUELUSGULF,WCOILBRENTEU,WDFUELUSGULF,FRED/EIA,2026-04-16T13:04:34+00:00
2021-06-18,1.845,73.110,1.741,0.104,4.380,2.043,-0.198,WJFUELUSGULF,WCOILBRENTEU,WDFUELUSGULF,FRED/EIA,2026-04-16T13:04:34+00:00
2021-06-11,1.833,71.460,1.701,0.132,5.526,2.076,-0.243,WJFUELUSGULF,WCOILBRENTEU,WDFUELUSGULF,FRED/EIA,2026-04-16T13:04:34+00:00
2021-06-04,1.817,70.660,1.682,0.135,5.654,2.051,-0.234,WJFUELUSGULF,WCOILBRENTEU,WDFUELUSGULF,FRED/EIA,2026-04-16T13:04:34+00:00
2021-05-28,1.762,69.020,1.643,0.119,4.984,1.993,-0.231,WJFUELUSGULF,WCOILBRENTEU,WDFUELUSGULF,FRED/EIA,2026-04-16T13:04:34+00:00
2021-05-21,1.732,67.480,1.607,0.125,5.264,1.966,-0.234,WJFUELUSGULF,WCOILBRENTEU,WDFUELUSGULF,FRED/EIA,2026-04-16T13:04:34+00:00
2021-05-14,1.768,68.730,1.636,0.132,5.526,1.985,-0.217,WJFUELUSGULF,WCOILBRENTEU,WDFUELUSGULF,FRED/EIA,2026-04-16T13:04:34+00:00
2021-05-07,1.748,68.990,1.643,0.105,4.426,1.943,-0.195,WJFUELUSGULF,WCOILBRENTEU,WDFUELUSGULF,FRED/EIA,2026-04-16T13:04:34+00:00
2021-04-30,1.704,66.960,1.594,0.110,4.608,1.866,-0.162,WJFUELUSGULF,WCOILBRENTEU,WDFUELUSGULF,FRED/EIA,2026-04-16T13:04:34+00:00
2021-04-23,1.672,65.340,1.556,0.116,4.884,1.825,-0.153,WJFUELUSGULF,WCOILBRENTEU,WDFUELUSGULF,FRED/EIA,2026-04-16T13:04:34+00:00
2021-04-16,1.672,64.690,1.540,0.132,5.534,1.814,-0.142,WJFUELUSGULF,WCOILBRENTEU,WDFUELUSGULF,FRED/EIA,2026-04-16T13:04:34+00:00
2021-04-09,1.639,61.830,1.472,0.167,7.008,1.752,-0.113,WJFUELUSGULF,WCOILBRENTEU,WDFUELUSGULF,FRED/EIA,2026-04-16T13:04:34+00:00
2021-04-02,1.598,63.680,1.516,0.082,3.436,1.756,-0.158,WJFUELUSGULF,WCOILBRENTEU,WDFUELUSGULF,FRED/EIA,2026-04-16T13:04:34+00:00
2021-03-26,1.599,62.510,1.488,0.111,4.648,1.750,-0.151,WJFUELUSGULF,WCOILBRENTEU,WDFUELUSGULF,FRED/EIA,2026-04-16T13:04:34+00:00
2021-03-19,1.673,66.110,1.574,0.099,4.156,1.843,-0.170,WJFUELUSGULF,WCOILBRENTEU,WDFUELUSGULF,FRED/EIA,2026-04-16T13:04:34+00:00
2021-03-12,1.731,68.150,1.623,0.108,4.552,1.905,-0.174,WJFUELUSGULF,WCOILBRENTEU,WDFUELUSGULF,FRED/EIA,2026-04-16T13:04:34+00:00
2021-03-05,1.685,65.940,1.570,0.115,4.830,1.841,-0.156,WJFUELUSGULF,WCOILBRENTEU,WDFUELUSGULF,FRED/EIA,2026-04-16T13:04:34+00:00
2021-02-26,1.711,65.860,1.568,0.143,6.002,1.852,-0.141,WJFUELUSGULF,WCOILBRENTEU,WDFUELUSGULF,FRED/EIA,2026-04-16T13:04:34+00:00
2021-02-19,1.633,63.900,1.521,0.112,4.686,1.794,-0.161,WJFUELUSGULF,WCOILBRENTEU,WDFUELUSGULF,FRED/EIA,2026-04-16T13:04:34+00:00
2021-02-12,1.568,61.130,1.455,0.113,4.726,1.701,-0.133,WJFUELUSGULF,WCOILBRENTEU,WDFUELUSGULF,FRED/EIA,2026-04-16T13:04:34+00:00
2021-02-05,1.498,58.220,1.386,0.112,4.696,1.638,-0.140,WJFUELUSGULF,WCOILBRENTEU,WDFUELUSGULF,FRED/EIA,2026-04-16T13:04:34+00:00
2021-01-29,1.426,55.180,1.314,0.112,4.712,1.545,-0.119,WJFUELUSGULF,WCOILBRENTEU,WDFUELUSGULF,FRED/EIA,2026-04-16T13:04:34+00:00
2021-01-22,1.438,55.230,1.315,0.123,5.166,1.537,-0.099,WJFUELUSGULF,WCOILBRENTEU,WDFUELUSGULF,FRED/EIA,2026-04-16T13:04:34+00:00
2021-01-15,1.449,55.380,1.319,0.130,5.478,1.542,-0.093,WJFUELUSGULF,WCOILBRENTEU,WDFUELUSGULF,FRED/EIA,2026-04-16T13:04:34+00:00
2021-01-08,1.373,53.310,1.269,0.104,4.356,1.471,-0.098,WJFUELUSGULF,WCOILBRENTEU,WDFUELUSGULF,FRED/EIA,2026-04-16T13:04:34+00:00
2021-01-01,1.348,50.820,1.210,0.138,5.796,1.433,-0.085,WJFUELUSGULF,WCOILBRENTEU,WDFUELUSGULF,FRED/EIA,2026-04-16T13:04:34+00:00
2020-12-25,1.349,50.610,1.205,0.144,6.048,1.430,-0.081,WJFUELUSGULF,WCOILBRENTEU,WDFUELUSGULF,FRED/EIA,2026-04-16T13:04:34+00:00
2020-12-18,1.359,51.050,1.215,0.144,6.028,1.438,-0.079,WJFUELUSGULF,WCOILBRENTEU,WDFUELUSGULF,FRED/EIA,2026-04-16T13:04:34+00:00
2020-12-11,1.296,49.320,1.174,0.122,5.112,1.375,-0.079,WJFUELUSGULF,WCOILBRENTEU,WDFUELUSGULF,FRED/EIA,2026-04-16T13:04:34+00:00
2020-12-04,1.260,47.830,1.139,0.121,5.090,1.335,-0.075,WJFUELUSGULF,WCOILBRENTEU,WDFUELUSGULF,FRED/EIA,2026-04-16T13:04:34+00:00
2020-11-27,1.233,46.430,1.105,0.128,5.356,1.324,-0.091,WJFUELUSGULF,WCOILBRENTEU,WDFUELUSGULF,FRED/EIA,2026-04-16T13:04:34+00:00
2020-11-20,1.136,43.010,1.024,0.112,4.702,1.224,-0.088,WJFUELUSGULF,WCOILBRENTEU,WDFUELUSGULF,FRED/EIA,2026-04-16T13:04:34+00:00
2020-11-13,1.130,41.870,0.997,0.133,5.590,1.199,-0.069,WJFUELUSGULF,WCOILBRENTEU,WDFUELUSGULF,FRED/EIA,2026-04-16T13:04:34+00:00
2020-11-06,1.050,38.640,0.920,0.130,5.460,1.119,-0.069,WJFUELUSGULF,WCOILBRENTEU,WDFUELUSGULF,FRED/EIA,2026-04-16T13:04:34+00:00
2020-10-30,1.012,37.910,0.903,0.109,4.594,1.077,-0.065,WJFUELUSGULF,WCOILBRENTEU,WDFUELUSGULF,FRED/EIA,2026-04-16T13:04:34+00:00
2020-10-23,1.060,41.000,0.976,0.084,3.520,1.108,-0.048,WJFUELUSGULF,WCOILBRENTEU,WDFUELUSGULF,FRED/EIA,2026-04-16T13:04:34+00:00
2020-10-16,1.076,41.320,0.984,0.092,3.872,1.134,-0.058,WJFUELUSGULF,WCOILBRENTEU,WDFUELUSGULF,FRED/EIA,2026-04-16T13:04:34+00:00
2020-10-09,1.067,41.060,0.978,0.089,3.754,1.131,-0.064,WJFUELUSGULF,WCOILBRENTEU,WDFUELUSGULF,FRED/EIA,2026-04-16T13:04:34+00:00
2020-10-02,0.995,39.990,0.952,0.043,1.800,1.073,-0.078,WJFUELUSGULF,WCOILBRENTEU,WDFUELUSGULF,FRED/EIA,2026-04-16T13:04:34+00:00
2020-09-25,0.973,40.890,0.974,-0.001,-0.024,1.062,-0.089,WJFUELUSGULF,WCOILBRENTEU,WDFUELUSGULF,FRED/EIA,2026-04-16T13:04:34+00:00
2020-09-18,1.011,40.770,0.971,0.040,1.692,1.082,-0.071,WJFUELUSGULF,WCOILBRENTEU,WDFUELUSGULF,FRED/EIA,2026-04-16T13:04:34+00:00
2020-09-11,0.984,39.450,0.939,0.045,1.878,1.049,-0.065,WJFUELUSGULF,WCOILBRENTEU,WDFUELUSGULF,FRED/EIA,2026-04-16T13:04:34+00:00
2020-09-04,1.074,43.060,1.025,0.049,2.048,1.145,-0.071,WJFUELUSGULF,WCOILBRENTEU,WDFUELUSGULF,FRED/EIA,2026-04-16T13:04:34+00:00
2020-08-28,1.128,45.260,1.078,0.050,2.116,1.217,-0.089,WJFUELUSGULF,WCOILBRENTEU,WDFUELUSGULF,FRED/EIA,2026-04-16T13:04:34+00:00
2020-08-21,1.102,44.790,1.066,0.036,1.494,1.193,-0.091,WJFUELUSGULF,WCOILBRENTEU,WDFUELUSGULF,FRED/EIA,2026-04-16T13:04:34+00:00
2020-08-14,1.110,44.540,1.060,0.050,2.080,1.190,-0.080,WJFUELUSGULF,WCOILBRENTEU,WDFUELUSGULF,FRED/EIA,2026-04-16T13:04:34+00:00
2020-08-07,1.111,44.360,1.056,0.055,2.302,1.189,-0.078,WJFUELUSGULF,WCOILBRENTEU,WDFUELUSGULF,FRED/EIA,2026-04-16T13:04:34+00:00
2020-07-31,1.104,43.220,1.029,0.075,3.148,1.191,-0.087,WJFUELUSGULF,WCOILBRENTEU,WDFUELUSGULF,FRED/EIA,2026-04-16T13:04:34+00:00
2020-07-24,1.106,43.570,1.037,0.069,2.882,1.209,-0.103,WJFUELUSGULF,WCOILBRENTEU,WDFUELUSGULF,FRED/EIA,2026-04-16T13:04:34+00:00
2020-07-17,1.074,43.400,1.033,0.041,1.708,1.177,-0.103,WJFUELUSGULF,WCOILBRENTEU,WDFUELUSGULF,FRED/EIA,2026-04-16T13:04:34+00:00
2020-07-10,1.073,43.060,1.025,0.048,2.006,1.191,-0.118,WJFUELUSGULF,WCOILBRENTEU,WDFUELUSGULF,FRED/EIA,2026-04-16T13:04:34+00:00
2020-07-03,1.023,42.300,1.007,0.016,0.666,1.149,-0.126,WJFUELUSGULF,WCOILBRENTEU,WDFUELUSGULF,FRED/EIA,2026-04-16T13:04:34+00:00
2020-06-26,1.022,41.690,0.993,0.029,1.234,1.122,-0.100,WJFUELUSGULF,WCOILBRENTEU,WDFUELUSGULF,FRED/EIA,2026-04-16T13:04:34+00:00
2020-06-19,1.042,40.950,0.975,0.067,2.814,1.132,-0.090,WJFUELUSGULF,WCOILBRENTEU,WDFUELUSGULF,FRED/EIA,2026-04-16T13:04:34+00:00
2020-06-12,0.955,39.520,0.941,0.014,0.590,1.061,-0.106,WJFUELUSGULF,WCOILBRENTEU,WDFUELUSGULF,FRED/EIA,2026-04-16T13:04:34+00:00
2020-06-05,0.901,38.370,0.914,-0.013,-0.528,0.999,-0.098,WJFUELUSGULF,WCOILBRENTEU,WDFUELUSGULF,FRED/EIA,2026-04-16T13:04:34+00:00
2020-05-29,0.814,33.700,0.802,0.012,0.488,0.913,-0.099,WJFUELUSGULF,WCOILBRENTEU,WDFUELUSGULF,FRED/EIA,2026-04-16T13:04:34+00:00
2020-05-22,0.811,33.940,0.808,0.003,0.122,0.921,-0.110,WJFUELUSGULF,WCOILBRENTEU,WDFUELUSGULF,FRED/EIA,2026-04-16T13:04:34+00:00
2020-05-15,0.650,28.180,0.671,-0.021,-0.880,0.799,-0.149,WJFUELUSGULF,WCOILBRENTEU,WDFUELUSGULF,FRED/EIA,2026-04-16T13:04:34+00:00
2020-05-08,0.536,23.570,0.561,-0.025,-1.058,0.762,-0.226,WJFUELUSGULF,WCOILBRENTEU,WDFUELUSGULF,FRED/EIA,2026-04-16T13:04:34+00:00
2020-05-01,0.461,17.050,0.406,0.055,2.312,0.627,-0.166,WJFUELUSGULF,WCOILBRENTEU,WDFUELUSGULF,FRED/EIA,2026-04-16T13:04:34+00:00
2020-04-24,0.502,14.240,0.339,0.163,6.844,0.685,-0.183,WJFUELUSGULF,WCOILBRENTEU,WDFUELUSGULF,FRED/EIA,2026-04-16T13:04:34+00:00
2020-04-17,0.663,20.000,0.476,0.187,7.846,0.885,-0.222,WJFUELUSGULF,WCOILBRENTEU,WDFUELUSGULF,FRED/EIA,2026-04-16T13:04:34+00:00
2020-04-10,0.729,22.530,0.536,0.193,8.088,0.942,-0.213,WJFUELUSGULF,WCOILBRENTEU,WDFUELUSGULF,FRED/EIA,2026-04-16T13:04:34+00:00
2020-04-03,0.717,18.720,0.446,0.271,11.394,0.944,-0.227,WJFUELUSGULF,WCOILBRENTEU,WDFUELUSGULF,FRED/EIA,2026-04-16T13:04:34+00:00
2020-03-27,0.714,23.960,0.570,0.144,6.028,1.002,-0.288,WJFUELUSGULF,WCOILBRENTEU,WDFUELUSGULF,FRED/EIA,2026-04-16T13:04:34+00:00
2020-03-20,0.778,25.650,0.611,0.167,7.026,0.966,-0.188,WJFUELUSGULF,WCOILBRENTEU,WDFUELUSGULF,FRED/EIA,2026-04-16T13:04:34+00:00
2020-03-13,1.026,33.720,0.803,0.223,9.372,1.143,-0.117,WJFUELUSGULF,WCOILBRENTEU,WDFUELUSGULF,FRED/EIA,2026-04-16T13:04:34+00:00
2020-03-06,1.392,50.700,1.207,0.185,7.764,1.458,-0.066,WJFUELUSGULF,WCOILBRENTEU,WDFUELUSGULF,FRED/EIA,2026-04-16T13:04:34+00:00
2020-02-28,1.431,54.090,1.288,0.143,6.012,1.476,-0.045,WJFUELUSGULF,WCOILBRENTEU,WDFUELUSGULF,FRED/EIA,2026-04-16T13:04:34+00:00
2020-02-21,1.577,58.610,1.395,0.182,7.624,1.621,-0.044,WJFUELUSGULF,WCOILBRENTEU,WDFUELUSGULF,FRED/EIA,2026-04-16T13:04:34+00:00
2020-02-14,1.544,55.330,1.317,0.227,9.518,1.582,-0.038,WJFUELUSGULF,WCOILBRENTEU,WDFUELUSGULF,FRED/EIA,2026-04-16T13:04:34+00:00
2020-02-07,1.499,54.590,1.300,0.199,8.368,1.541,-0.042,WJFUELUSGULF,WCOILBRENTEU,WDFUELUSGULF,FRED/EIA,2026-04-16T13:04:34+00:00
2020-01-31,1.589,58.570,1.395,0.194,8.168,1.596,-0.007,WJFUELUSGULF,WCOILBRENTEU,WDFUELUSGULF,FRED/EIA,2026-04-16T13:04:34+00:00
2020-01-24,1.704,62.200,1.481,0.223,9.368,1.704,0.000,WJFUELUSGULF,WCOILBRENTEU,WDFUELUSGULF,FRED/EIA,2026-04-16T13:04:34+00:00
2020-01-17,1.796,64.110,1.526,0.270,11.322,1.791,0.005,WJFUELUSGULF,WCOILBRENTEU,WDFUELUSGULF,FRED/EIA,2026-04-16T13:04:34+00:00
2020-01-10,1.902,67.930,1.617,0.285,11.954,1.899,0.003,WJFUELUSGULF,WCOILBRENTEU,WDFUELUSGULF,FRED/EIA,2026-04-16T13:04:34+00:00
2020-01-03,1.953,68.070,1.621,0.332,13.956,1.961,-0.008,WJFUELUSGULF,WCOILBRENTEU,WDFUELUSGULF,FRED/EIA,2026-04-16T13:04:34+00:00
2019-12-27,1.965,68.730,1.636,0.329,13.800,1.964,0.001,WJFUELUSGULF,WCOILBRENTEU,WDFUELUSGULF,FRED/EIA,2026-04-16T13:04:34+00:00
2019-12-20,1.918,68.900,1.640,0.278,11.656,1.926,-0.008,WJFUELUSGULF,WCOILBRENTEU,WDFUELUSGULF,FRED/EIA,2026-04-16T13:04:34+00:00
2019-12-13,1.843,66.500,1.583,0.260,10.906,1.855,-0.012,WJFUELUSGULF,WCOILBRENTEU,WDFUELUSGULF,FRED/EIA,2026-04-16T13:04:34+00:00
2019-12-06,1.821,64.710,1.541,0.280,11.772,1.830,-0.009,WJFUELUSGULF,WCOILBRENTEU,WDFUELUSGULF,FRED/EIA,2026-04-16T13:04:34+00:00
2019-11-29,1.853,64.740,1.541,0.312,13.086,1.869,-0.016,WJFUELUSGULF,WCOILBRENTEU,WDFUELUSGULF,FRED/EIA,2026-04-16T13:04:34+00:00
2019-11-22,1.788,63.760,1.518,0.270,11.336,1.812,-0.024,WJFUELUSGULF,WCOILBRENTEU,WDFUELUSGULF,FRED/EIA,2026-04-16T13:04:34+00:00
2019-11-15,1.815,62.560,1.490,0.325,13.670,1.825,-0.010,WJFUELUSGULF,WCOILBRENTEU,WDFUELUSGULF,FRED/EIA,2026-04-16T13:04:34+00:00
2019-11-08,1.835,62.390,1.485,0.350,14.680,1.847,-0.012,WJFUELUSGULF,WCOILBRENTEU,WDFUELUSGULF,FRED/EIA,2026-04-16T13:04:34+00:00
2019-11-01,1.847,60.230,1.434,0.413,17.344,1.837,0.010,WJFUELUSGULF,WCOILBRENTEU,WDFUELUSGULF,FRED/EIA,2026-04-16T13:04:34+00:00
2019-10-25,1.896,60.750,1.446,0.450,18.882,1.900,-0.004,WJFUELUSGULF,WCOILBRENTEU,WDFUELUSGULF,FRED/EIA,2026-04-16T13:04:34+00:00
2019-10-18,1.861,59.320,1.412,0.449,18.842,1.882,-0.021,WJFUELUSGULF,WCOILBRENTEU,WDFUELUSGULF,FRED/EIA,2026-04-16T13:04:34+00:00
2019-10-11,1.860,59.390,1.414,0.446,18.730,1.887,-0.027,WJFUELUSGULF,WCOILBRENTEU,WDFUELUSGULF,FRED/EIA,2026-04-16T13:04:34+00:00
2019-10-04,1.839,59.220,1.410,0.429,18.018,1.865,-0.026,WJFUELUSGULF,WCOILBRENTEU,WDFUELUSGULF,FRED/EIA,2026-04-16T13:04:34+00:00
2019-09-27,1.911,63.150,1.504,0.407,17.112,1.921,-0.010,WJFUELUSGULF,WCOILBRENTEU,WDFUELUSGULF,FRED/EIA,2026-04-16T13:04:34+00:00
2019-09-20,1.941,65.560,1.561,0.380,15.962,1.969,-0.028,WJFUELUSGULF,WCOILBRENTEU,WDFUELUSGULF,FRED/EIA,2026-04-16T13:04:34+00:00
2019-09-13,1.833,62.740,1.494,0.339,14.246,1.868,-0.035,WJFUELUSGULF,WCOILBRENTEU,WDFUELUSGULF,FRED/EIA,2026-04-16T13:04:34+00:00
2019-09-06,1.815,60.230,1.434,0.381,16.000,1.825,-0.010,WJFUELUSGULF,WCOILBRENTEU,WDFUELUSGULF,FRED/EIA,2026-04-16T13:04:34+00:00
2019-08-30,1.806,59.830,1.425,0.381,16.022,1.799,0.007,WJFUELUSGULF,WCOILBRENTEU,WDFUELUSGULF,FRED/EIA,2026-04-16T13:04:34+00:00
2019-08-23,1.811,59.570,1.418,0.393,16.492,1.800,0.011,WJFUELUSGULF,WCOILBRENTEU,WDFUELUSGULF,FRED/EIA,2026-04-16T13:04:34+00:00
2019-08-16,1.788,58.250,1.387,0.401,16.846,1.781,0.007,WJFUELUSGULF,WCOILBRENTEU,WDFUELUSGULF,FRED/EIA,2026-04-16T13:04:34+00:00
2019-08-09,1.774,57.330,1.365,0.409,17.178,1.758,0.016,WJFUELUSGULF,WCOILBRENTEU,WDFUELUSGULF,FRED/EIA,2026-04-16T13:04:34+00:00
2019-08-02,1.905,62.590,1.490,0.415,17.420,1.869,0.036,WJFUELUSGULF,WCOILBRENTEU,WDFUELUSGULF,FRED/EIA,2026-04-16T13:04:34+00:00
2019-07-26,1.904,62.800,1.495,0.409,17.168,1.868,0.036,WJFUELUSGULF,WCOILBRENTEU,WDFUELUSGULF,FRED/EIA,2026-04-16T13:04:34+00:00
2019-07-19,1.903,63.630,1.515,0.388,16.296,1.854,0.049,WJFUELUSGULF,WCOILBRENTEU,WDFUELUSGULF,FRED/EIA,2026-04-16T13:04:34+00:00
2019-07-12,1.949,65.980,1.571,0.378,15.878,1.898,0.051,WJFUELUSGULF,WCOILBRENTEU,WDFUELUSGULF,FRED/EIA,2026-04-16T13:04:34+00:00
2019-07-05,1.883,63.840,1.520,0.363,15.246,1.856,0.027,WJFUELUSGULF,WCOILBRENTEU,WDFUELUSGULF,FRED/EIA,2026-04-16T13:04:34+00:00
2019-06-28,1.897,66.510,1.584,0.313,13.164,1.891,0.006,WJFUELUSGULF,WCOILBRENTEU,WDFUELUSGULF,FRED/EIA,2026-04-16T13:04:34+00:00
2019-06-21,1.820,64.040,1.525,0.295,12.400,1.810,0.010,WJFUELUSGULF,WCOILBRENTEU,WDFUELUSGULF,FRED/EIA,2026-04-16T13:04:34+00:00
2019-06-14,1.778,63.190,1.505,0.273,11.486,1.763,0.015,WJFUELUSGULF,WCOILBRENTEU,WDFUELUSGULF,FRED/EIA,2026-04-16T13:04:34+00:00
2019-06-07,1.772,63.150,1.504,0.268,11.274,1.763,0.009,WJFUELUSGULF,WCOILBRENTEU,WDFUELUSGULF,FRED/EIA,2026-04-16T13:04:34+00:00
2019-05-31,1.896,69.290,1.650,0.246,10.342,1.891,0.005,WJFUELUSGULF,WCOILBRENTEU,WDFUELUSGULF,FRED/EIA,2026-04-16T13:04:34+00:00
2019-05-24,1.978,70.890,1.688,0.290,12.186,1.978,0.000,WJFUELUSGULF,WCOILBRENTEU,WDFUELUSGULF,FRED/EIA,2026-04-16T13:04:34+00:00
2019-05-17,2.022,73.320,1.746,0.276,11.604,2.028,-0.006,WJFUELUSGULF,WCOILBRENTEU,WDFUELUSGULF,FRED/EIA,2026-04-16T13:04:34+00:00
2019-05-10,1.982,71.250,1.696,0.286,11.994,2.005,-0.023,WJFUELUSGULF,WCOILBRENTEU,WDFUELUSGULF,FRED/EIA,2026-04-16T13:04:34+00:00
2019-05-03,1.984,71.590,1.705,0.279,11.738,2.022,-0.038,WJFUELUSGULF,WCOILBRENTEU,WDFUELUSGULF,FRED/EIA,2026-04-16T13:04:34+00:00
2019-04-26,2.010,72.930,1.736,0.274,11.490,2.042,-0.032,WJFUELUSGULF,WCOILBRENTEU,WDFUELUSGULF,FRED/EIA,2026-04-16T13:04:34+00:00
2019-04-19,1.982,70.870,1.687,0.295,12.374,2.021,-0.039,WJFUELUSGULF,WCOILBRENTEU,WDFUELUSGULF,FRED/EIA,2026-04-16T13:04:34+00:00
2019-04-12,1.981,71.330,1.698,0.283,11.872,2.015,-0.034,WJFUELUSGULF,WCOILBRENTEU,WDFUELUSGULF,FRED/EIA,2026-04-16T13:04:34+00:00
2019-04-05,1.936,69.540,1.656,0.280,11.772,1.968,-0.032,WJFUELUSGULF,WCOILBRENTEU,WDFUELUSGULF,FRED/EIA,2026-04-16T13:04:34+00:00
2019-03-29,1.903,67.250,1.601,0.302,12.676,1.933,-0.030,WJFUELUSGULF,WCOILBRENTEU,WDFUELUSGULF,FRED/EIA,2026-04-16T13:04:34+00:00
2019-03-22,1.900,67.340,1.603,0.297,12.460,1.935,-0.035,WJFUELUSGULF,WCOILBRENTEU,WDFUELUSGULF,FRED/EIA,2026-04-16T13:04:34+00:00
2019-03-15,1.893,65.710,1.565,0.328,13.796,1.933,-0.040,WJFUELUSGULF,WCOILBRENTEU,WDFUELUSGULF,FRED/EIA,2026-04-16T13:04:34+00:00
2019-03-08,1.906,64.730,1.541,0.365,15.322,1.953,-0.047,WJFUELUSGULF,WCOILBRENTEU,WDFUELUSGULF,FRED/EIA,2026-04-16T13:04:34+00:00
2019-03-01,1.934,64.560,1.537,0.397,16.668,1.953,-0.019,WJFUELUSGULF,WCOILBRENTEU,WDFUELUSGULF,FRED/EIA,2026-04-16T13:04:34+00:00
2019-02-22,1.978,66.580,1.585,0.393,16.496,1.962,0.016,WJFUELUSGULF,WCOILBRENTEU,WDFUELUSGULF,FRED/EIA,2026-04-16T13:04:34+00:00
2019-02-15,1.896,63.360,1.509,0.387,16.272,1.885,0.011,WJFUELUSGULF,WCOILBRENTEU,WDFUELUSGULF,FRED/EIA,2026-04-16T13:04:34+00:00
2019-02-08,1.861,61.710,1.469,0.392,16.452,1.848,0.013,WJFUELUSGULF,WCOILBRENTEU,WDFUELUSGULF,FRED/EIA,2026-04-16T13:04:34+00:00
2019-02-01,1.842,61.380,1.461,0.381,15.984,1.838,0.004,WJFUELUSGULF,WCOILBRENTEU,WDFUELUSGULF,FRED/EIA,2026-04-16T13:04:34+00:00
2019-01-25,1.822,61.340,1.460,0.362,15.184,1.828,-0.006,WJFUELUSGULF,WCOILBRENTEU,WDFUELUSGULF,FRED/EIA,2026-04-16T13:04:34+00:00
2019-01-18,1.812,59.830,1.425,0.387,16.274,1.805,0.007,WJFUELUSGULF,WCOILBRENTEU,WDFUELUSGULF,FRED/EIA,2026-04-16T13:04:34+00:00
2019-01-11,1.793,58.640,1.396,0.397,16.666,1.763,0.030,WJFUELUSGULF,WCOILBRENTEU,WDFUELUSGULF,FRED/EIA,2026-04-16T13:04:34+00:00
2019-01-04,1.621,54.310,1.293,0.328,13.772,1.609,0.012,WJFUELUSGULF,WCOILBRENTEU,WDFUELUSGULF,FRED/EIA,2026-04-16T13:04:34+00:00
